"dL [mm]","R_wire [mm]","Freq [GHz]","re(Z(1,1)) []","im(Z(1,1)) []"
4.8,0.1,23,36.8821074529052,-80.9176642276096
4.8,0.1,23.0166666666667,36.9646734588322,-80.6259782654975
4.8,0.1,23.0333333333333,37.0474237375606,-80.334446149245
4.8,0.1,23.05,37.1303586776231,-80.0430674154532
4.8,0.1,23.0666666666667,37.2134786684784,-79.7518416026925
4.8,0.1,23.0833333333333,37.2967841005129,-79.4607682514998
4.8,0.1,23.1,37.3802753650427,-79.1698469043759
4.8,0.1,23.1166666666667,37.4639528543154,-78.8790771057833
4.8,0.1,23.1333333333333,37.5478169615117,-78.5884584021438
4.8,0.1,23.15,37.6318680807477,-78.2979903418354
4.8,0.1,23.1666666666667,37.7161066070765,-78.0076724751909
4.8,0.1,23.1833333333333,37.80053293649,-77.717504354495
4.8,0.1,23.2,37.8851474659211,-77.4274855339819
4.8,0.1,23.2166666666667,37.969950593245,-77.1376155698334
4.8,0.1,23.2333333333333,38.0549427172817,-76.8478940201765
4.8,0.1,23.25,38.1401242377978,-76.5583204450807
4.8,0.1,23.2666666666667,38.2254955555078,-76.268894406557
4.8,0.1,23.2833333333333,38.3110570720768,-75.9796154685544
4.8,0.1,23.3,38.3968091901218,-75.6904831969587
4.8,0.1,23.3166666666667,38.4827523132142,-75.4014971595901
4.8,0.1,23.3333333333333,38.568886845881,-75.1126569262013
4.8,0.1,23.35,38.6552131936075,-74.8239620684749
4.8,0.1,23.3666666666667,38.7417317628387,-74.5354121600225
4.8,0.1,23.3833333333333,38.8284429609812,-74.2470067763818
4.8,0.1,23.4,38.9153471964059,-73.958745495015
4.8,0.1,23.4166666666667,39.0024448784488,-73.6706278953071
4.8,0.1,23.4333333333333,39.0897364174141,-73.3826535585638
4.8,0.1,23.45,39.1772222245754,-73.0948220680095
4.8,0.1,23.4666666666667,39.264902712178,-72.8071330087863
4.8,0.1,23.4833333333333,39.3527782934407,-72.5195859679514
4.8,0.1,23.5,39.440849382558,-72.2321805344756
4.8,0.1,23.5166666666667,39.5291163947021,-71.9449162992419
4.8,0.1,23.5333333333333,39.6175797460246,-71.6577928550437
4.8,0.1,23.55,39.706239853659,-71.3708097965826
4.8,0.1,23.5666666666667,39.795097135722,-71.0839667204681
4.8,0.1,23.5833333333333,39.8841520113165,-70.7972632252148
4.8,0.1,23.6,39.9734049005326,-70.5106989112413
4.8,0.1,23.6166666666667,40.0628562244505,-70.2242733808688
4.8,0.1,23.6333333333333,40.1525064051419,-69.9379862383198
4.8,0.1,23.65,40.2423558656724,-69.6518370897161
4.8,0.1,23.6666666666667,40.3324050301037,-69.3658255430779
4.8,0.1,23.6833333333333,40.4226543234952,-69.0799512083223
4.8,0.1,23.7,40.5131041719063,-68.7942136972618
4.8,0.1,23.7166666666667,40.6037550023988,-68.5086126236031
4.8,0.1,23.7333333333333,40.6946072430382,-68.2231476029462
4.8,0.1,23.75,40.7856613228968,-67.9378182527824
4.8,0.1,23.7666666666667,40.876917672055,-67.6526241924935
4.8,0.1,23.7833333333333,40.9683767216036,-67.3675650433512
4.8,0.1,23.8,41.0600389036463,-67.0826404285146
4.8,0.1,23.8166666666667,41.1519046513015,-66.7978499730303
4.8,0.1,23.8333333333333,41.243974398704,-66.5131933038309
4.8,0.1,23.85,41.3362485810083,-66.2286700497338
4.8,0.1,23.8666666666667,41.4287276343894,-65.9442798414403
4.8,0.1,23.8833333333333,41.521411996046,-65.660022311535
4.8,0.1,23.9,41.6143021042022,-65.3758970944839
4.8,0.1,23.9166666666667,41.7073983981096,-65.0919038266345
4.8,0.1,23.9333333333333,41.8007013180495,-64.8080421462144
4.8,0.1,23.95,41.8942113053355,-64.5243116933305
4.8,0.1,23.9666666666667,41.9879288023152,-64.2407121099679
4.8,0.1,23.9833333333333,42.0818542523724,-63.9572430399901
4.8,0.1,24,42.1759880999298,-63.6739041291368
4.8,0.1,24.0166666666667,42.2703307904506,-63.3906950250244
4.8,0.1,24.0333333333333,42.3648827704411,-63.1076153771447
4.8,0.1,24.05,42.4596444874529,-62.8246648368642
4.8,0.1,24.0666666666667,42.5546163900849,-62.541843057424
4.8,0.1,24.0833333333333,42.6497989279859,-62.2591496939385
4.8,0.1,24.1,42.7451925518566,-61.9765844033951
4.8,0.1,24.1166666666667,42.8407977134517,-61.6941468446541
4.8,0.1,24.1333333333333,42.9366148655826,-61.4118366784476
4.8,0.1,24.15,43.0326444621196,-61.1296535673793
4.8,0.1,24.1666666666667,43.1288869579937,-60.8475971759239
4.8,0.1,24.1833333333333,43.2253428091995,-60.5656671704271
4.8,0.1,24.2,43.322012472797,-60.2838632191045
4.8,0.1,24.2166666666667,43.4188964069143,-60.0021849920422
4.8,0.1,24.2333333333333,43.5159950707498,-59.7206321611958
4.8,0.1,24.25,43.6133089245742,-59.4392044003901
4.8,0.1,24.2666666666667,43.7108384297335,-59.1579013853193
4.8,0.1,24.2833333333333,43.8085840486507,-58.8767227935465
4.8,0.1,24.3,43.9065462448283,-58.5956683045036
4.8,0.1,24.3166666666667,44.004725482851,-58.3147375994913
4.8,0.1,24.3333333333333,44.1031222283877,-58.0339303616785
4.8,0.1,24.35,44.2017369481939,-57.7532462761026
4.8,0.1,24.3666666666667,44.3005701101144,-57.4726850296696
4.8,0.1,24.3833333333333,44.3996221830851,-57.192246311154
4.8,0.1,24.4,44.4988936371362,-56.9119298111981
4.8,0.1,24.4166666666667,44.5983849433937,-56.6317352223132
4.8,0.1,24.4333333333333,44.6980965740827,-56.3516622388791
4.8,0.1,24.45,44.7980290025291,-56.0717105571438
4.8,0.1,24.4666666666667,44.8981827031624,-55.7918798752247
4.8,0.1,24.4833333333333,44.9985581515182,-55.5121698931076
4.8,0.1,24.5,45.0991558242405,-55.232580312648
4.8,0.1,24.5166666666667,45.199976199084,-54.9531108375705
4.8,0.1,24.5333333333333,45.3010197549169,-54.6737611734695
4.8,0.1,24.55,45.4022869717232,-54.3945310278096
4.8,0.1,24.5666666666667,45.5037783306053,-54.1154201099255
4.8,0.1,24.5833333333333,45.6054943137862,-53.8364281310229
4.8,0.1,24.6,45.7074354046124,-53.5575548041786
4.8,0.1,24.6166666666667,45.8096020875562,-53.2787998443409
4.8,0.1,24.6333333333333,45.9119948482181,-53.0001629683306
4.8,0.1,24.65,46.0146141733296,-52.7216438948406
4.8,0.1,24.6666666666667,46.1174605507556,-52.4432423444374
4.8,0.1,24.6833333333333,46.2205344694969,-52.1649580395611
4.8,0.1,24.7,46.3238364196929,-51.886790704526
4.8,0.1,24.7166666666667,46.4273668926241,-51.6087400655216
4.8,0.1,24.7333333333333,46.5311263807145,-51.3308058506133
4.8,0.1,24.75,46.6351153775345,-51.0529877897425
4.8,0.1,24.7666666666667,46.7393343778034,-50.775285614728
4.8,0.1,24.7833333333333,46.8437838773917,-50.4976990592668
4.8,0.1,24.8,46.9484643733242,-50.2202278589341
4.8,0.1,24.8166666666667,47.0533763637822,-49.9428717511852
4.8,0.1,24.8333333333333,47.1585203481065,-49.665630475356
4.8,0.1,24.85,47.2638968267998,-49.3885037726634
4.8,0.1,24.8666666666667,47.3695063015293,-49.1114913862071
4.8,0.1,24.8833333333333,47.4753492751296,-48.83459306097
4.8,0.1,24.9,47.5814262516052,-48.5578085438196
4.8,0.1,24.9166666666667,47.6877377361332,-48.2811375835087
4.8,0.1,24.9333333333333,47.7942842350661,-48.0045799306769
4.8,0.1,24.95,47.9010662559344,-47.7281353378513
4.8,0.1,24.9666666666667,48.0080843074492,-47.4518035594481
4.8,0.1,24.9833333333333,48.1153388995052,-47.1755843517736
4.8,0.1,25,48.2228305431832,-46.8994774730252
4.8,0.1,25.0166666666667,48.330559750753,-46.6234826832932
4.8,0.1,25.0333333333333,48.438527035676,-46.3475997445617
4.8,0.1,25.05,48.546732912608,-46.07182842071
4.8,0.1,25.0666666666667,48.6551778974022,-45.7961684775141
4.8,0.1,25.0833333333333,48.7638625071115,-45.5206196826482
4.8,0.1,25.1,48.8727872599919,-45.2451818056858
4.8,0.1,25.1166666666667,48.9819526755047,-44.9698546181016
4.8,0.1,25.1333333333333,49.0913592743196,-44.6946378932728
4.8,0.1,25.15,49.2010075783178,-44.4195314064804
4.8,0.1,25.1666666666667,49.3108981105942,-44.1445349349118
4.8,0.1,25.1833333333333,49.4210313954608,-43.869648257661
4.8,0.1,25.2,49.5314079584493,-43.5948711557314
4.8,0.1,25.2166666666667,49.642028326314,-43.320203412037
4.8,0.1,25.2333333333333,49.7528930270347,-43.0456448114044
4.8,0.1,25.25,49.8640025898194,-42.7711951405743
4.8,0.1,25.2666666666667,49.9753575451076,-42.4968541882035
4.8,0.1,25.2833333333333,50.0869584245729,-42.2226217448668
4.8,0.1,25.3,50.1988057611259,-41.9484976030586
4.8,0.1,25.3166666666667,50.3109000889173,-41.6744815571955
4.8,0.1,25.3333333333333,50.4232419433407,-41.4005734036175
4.8,0.1,25.35,50.5358318610355,-41.1267729405903
4.8,0.1,25.3666666666667,50.6486703798903,-40.8530799683076
4.8,0.1,25.3833333333333,50.7617580390452,-40.5794942888929
4.8,0.1,25.4,50.8750953788952,-40.3060157064016
4.8,0.1,25.4166666666667,50.9886829410933,-40.0326440268234
4.8,0.1,25.4333333333333,51.1025212685529,-39.7593790580842
4.8,0.1,25.45,51.2166109054517,-39.4862206100488
4.8,0.1,25.4666666666667,51.330952397234,-39.2131684945226
4.8,0.1,25.4833333333333,51.4455462906138,-38.9402225252544
4.8,0.1,25.5,51.5603931335786,-38.6673825179384
4.8,0.1,25.5166666666667,51.6754934753915,-38.3946482902167
4.8,0.1,25.5333333333333,51.7908478665945,-38.1220196616823
4.8,0.1,25.55,51.9064568590124,-37.8494964538805
4.8,0.1,25.5666666666667,52.0223210057545,-37.5770784903122
4.8,0.1,25.5833333333333,52.138440861219,-37.3047655964365
4.8,0.1,25.6,52.2548169810953,-37.0325575996726
4.8,0.1,25.6166666666667,52.3714499223676,-36.7604543294033
4.8,0.1,25.6333333333333,52.4883402433175,-36.4884556169771
4.8,0.1,25.65,52.6054885035279,-36.2165612957112
4.8,0.1,25.6666666666667,52.7228952638856,-35.9447712008939
4.8,0.1,25.6833333333333,52.8405610865844,-35.6730851697881
4.8,0.1,25.7,52.9584865351289,-35.4015030416333
4.8,0.1,25.7166666666667,53.076672174337,-35.1300246576492
4.8,0.1,25.7333333333333,53.1951185703435,-34.8586498610381
4.8,0.1,25.75,53.3138262906035,-34.5873784969883
4.8,0.1,25.7666666666667,53.4327959038949,-34.3162104126767
4.8,0.1,25.7833333333333,53.5520279803226,-34.0451454572724
4.8,0.1,25.8,53.6715230913209,-33.7741834819392
4.8,0.1,25.8166666666667,53.7912818096574,-33.5033243398391
4.8,0.1,25.8333333333333,53.9113047094358,-33.2325678861354
4.8,0.1,25.85,54.0315923660997,-32.9619139779959
4.8,0.1,25.8666666666667,54.1521453564353,-32.6913624745964
4.8,0.1,25.8833333333333,54.2729642585752,-32.4209132371236
4.8,0.1,25.9,54.3940496520018,-32.1505661287786
4.8,0.1,25.9166666666667,54.51540211755,-31.8803210147807
4.8,0.1,25.9333333333333,54.637022237411,-31.6101777623706
4.8,0.1,25.95,54.758910595136,-31.3401362408133
4.8,0.1,25.9666666666667,54.8810677756387,-31.0701963214027
4.8,0.1,25.9833333333333,55.0034943651996,-30.8003578774645
4.8,0.1,26,55.1261909514687,-30.5306207843598
4.8,0.1,26.0166666666667,55.2491581234694,-30.2609849194894
4.8,0.1,26.0333333333333,55.3723964716015,-29.9914501622967
4.8,0.1,26.05,55.4959065876452,-29.722016394272
4.8,0.1,26.0666666666667,55.6196890647639,-29.4526834989563
4.8,0.1,26.0833333333333,55.7437444975079,-29.183451361945
4.8,0.1,26.1,55.8680734818184,-28.9143198708915
4.8,0.1,26.1166666666667,55.9926766150302,-28.6452889155122
4.8,0.1,26.1333333333333,56.1175544958754,-28.3763583875892
4.8,0.1,26.15,56.2427077244874,-28.1075281809751
4.8,0.1,26.1666666666667,56.3681369024037,-27.8387981915973
4.8,0.1,26.1833333333333,56.4938426325702,-27.5701683174616
4.8,0.1,26.2,56.619825519344,-27.3016384586565
4.8,0.1,26.2166666666667,56.7460861684975,-27.0332085173576
4.8,0.1,26.2333333333333,56.8726251872218,-26.7648783978321
4.8,0.1,26.25,56.9994431841299,-26.4966480064427
4.8,0.1,26.2666666666667,57.1265407692613,-26.2285172516523
4.8,0.1,26.2833333333333,57.2539185540843,-25.9604860440282
4.8,0.1,26.3,57.3815771515008,-25.6925542962469
4.8,0.1,26.3166666666667,57.5095171758492,-25.4247219230985
4.8,0.1,26.3333333333333,57.6377392429084,-25.1569888414913
4.8,0.1,26.35,57.7662439699012,-24.8893549704561
4.8,0.1,26.3666666666667,57.8950319754981,-24.6218202311519
4.8,0.1,26.3833333333333,58.0241038798211,-24.3543845468694
4.8,0.1,26.4,58.1534603044473,-24.0870478430367
4.8,0.1,26.4166666666667,58.2831018724126,-23.8198100472237
4.8,0.1,26.4333333333333,58.4130292082152,-23.5526710891475
4.8,0.1,26.45,58.5432429378199,-23.2856309006766
4.8,0.1,26.4666666666667,58.6737436886613,-23.0186894158365
4.8,0.1,26.4833333333333,58.8045320896478,-22.751846570815
4.8,0.1,26.5,58.9356087711652,-22.4851023039664
4.8,0.1,26.5166666666667,59.066974365081,-22.2184565558175
4.8,0.1,26.5333333333333,59.1986295047474,-21.9519092690727
4.8,0.1,26.55,59.3305748250057,-21.6854603886188
4.8,0.1,26.5666666666667,59.46281096219,-21.4191098615311
4.8,0.1,26.5833333333333,59.5953385541308,-21.1528576370782
4.8,0.1,26.6,59.7281582401593,-20.8867036667277
4.8,0.1,26.6166666666667,59.8612706611108,-20.6206479041517
4.8,0.1,26.6333333333333,59.9946764593287,-20.3546903052325
4.8,0.1,26.65,60.1283762786686,-20.0888308280678
4.8,0.1,26.6666666666667,60.2623707645019,-19.8230694329769
4.8,0.1,26.6833333333333,60.3966605637199,-19.5574060825064
4.8,0.1,26.7,60.5312463247377,-19.2918407414353
4.8,0.1,26.7166666666667,60.6661286974979,-19.0263733767819
4.8,0.1,26.7333333333333,60.8013083334751,-18.761003957809
4.8,0.1,26.75,60.9367858856791,-18.4957324560302
4.8,0.1,26.7666666666667,61.0725620086595,-18.2305588452159
4.8,0.1,26.7833333333333,61.2086373585093,-17.9654831013992
4.8,0.1,26.8,61.3450125928692,-17.7005052028823
4.8,0.1,26.8166666666667,61.4816883709313,-17.4356251302427
4.8,0.1,26.8333333333333,61.6186653534432,-17.1708428663394
4.8,0.1,26.85,61.7559442027124,-16.9061583963193
4.8,0.1,26.8666666666667,61.8935255826095,-16.6415717076237
4.8,0.1,26.8833333333333,62.0314101585731,-16.3770827899946
4.8,0.1,26.9,62.1695985976137,-16.1126916354811
4.8,0.1,26.9166666666667,62.3080915683172,-15.8483982384468
4.8,0.1,26.9333333333333,62.4468897408496,-15.5842025955755
4.8,0.1,26.95,62.585993786961,-15.3201047058782
4.8,0.1,26.9666666666667,62.7254043799894,-15.0561045707006
4.8,0.1,26.9833333333333,62.8651221948651,-14.7922021937288
4.8,0.1,27,63.0051479081147,-14.5283975809971
4.8,0.1,27.0166666666667,63.1454821978654,-14.2646907408949
4.8,0.1,27.0333333333333,63.286125743849,-14.0010816841734
4.8,0.1,27.05,63.4270792274062,-13.7375704239527
4.8,0.1,27.0666666666667,63.5683433314904,-13.4741569757299
4.8,0.1,27.0833333333333,63.7099187406726,-13.210841357385
4.8,0.1,27.1,63.8518061411447,-12.9476235891894
4.8,0.1,27.1166666666667,63.9940062207247,-12.6845036938127
4.8,0.1,27.1333333333333,64.1365196688601,-12.4214816963303
4.8,0.1,27.15,64.2793471766324,-12.158557624231
4.8,0.1,27.1666666666667,64.4224894367615,-11.8957315074247
4.8,0.1,27.1833333333333,64.5659471436097,-11.6330033782498
4.8,0.1,27.2,64.7097209931863,-11.3703732714813
4.8,0.1,27.2166666666667,64.8538116831516,-11.1078412243385
4.8,0.1,27.2333333333333,64.9982199128209,-10.8454072764928
4.8,0.1,27.25,65.1429463831696,-10.583071470076
4.8,0.1,27.2666666666667,65.2879917968369,-10.3208338496878
4.8,0.1,27.2833333333333,65.4333568581299,-10.0586944624046
4.8,0.1,27.3,65.5790422730288,-9.79665335778716
4.8,0.1,27.3166666666667,65.7250487491902,-9.53471058788926
4.8,0.1,27.3333333333333,65.8713769959524,-9.27286620726575
4.8,0.1,27.35,66.0180277243389,-9.01112027298131
4.8,0.1,27.3666666666667,66.1650016470633,-8.74947284461873
4.8,0.1,27.3833333333333,66.3122994785335,-8.48792398428739
4.8,0.1,27.4,66.4599219348559,-8.22647375663244
4.8,0.1,27.4166666666667,66.6078697338403,-7.96512222884292
4.8,0.1,27.4333333333333,66.7561435950036,-7.70386947066104
4.8,0.1,27.45,66.9047442395748,-7.44271555439085
4.8,0.1,27.4666666666667,67.053672390499,-7.18166055490738
4.8,0.1,27.4833333333333,67.202928772442,-6.92070454966556
4.8,0.1,27.5,67.3525141117948,-6.65984761870953
4.8,0.1,27.5166666666667,67.5024291366778,-6.39908984468175
4.8,0.1,27.5333333333333,67.6526745769455,-6.13843131283239
4.8,0.1,27.55,67.8032511641907,-5.87787211102872
4.8,0.1,27.5666666666667,67.954159631749,-5.61741232976456
4.8,0.1,27.5833333333333,68.1054007147034,-5.35705206216991
4.8,0.1,27.6,68.2569751498889,-5.09679140402047
4.8,0.1,27.6166666666667,68.4088836758962,-4.83663045374778
4.8,0.1,27.6333333333333,68.5611270330773,-4.57656931244844
4.8,0.1,27.65,68.7137059635494,-4.3166080838944
4.8,0.1,27.6666666666667,68.8666212111988,-4.05674687454322
4.8,0.1,27.6833333333333,69.0198735216867,-3.79698579354749
4.8,0.1,27.7,69.1734636424526,-3.53732495276552
4.8,0.1,27.7166666666667,69.3273923227194,-3.27776446677171
4.8,0.1,27.7333333333333,69.4816603134976,-3.01830445286627
4.8,0.1,27.75,69.6362683675901,-2.7589450310864
4.8,0.1,27.7666666666667,69.7912172395963,-2.4996863242166
4.8,0.1,27.7833333333333,69.9465076859171,-2.24052845779891
4.8,0.1,27.8,70.1021404647592,-1.98147156014426
4.8,0.1,27.8166666666667,70.2581163361393,-1.72251576234312
4.8,0.1,27.8333333333333,70.4144360618894,-1.46366119827597
4.8,0.1,27.85,70.5711004056608,-1.20490800462499
4.8,0.1,27.8666666666667,70.7281101329285,-0.94625632088486
4.8,0.1,27.8833333333333,70.8854660109962,-0.687706289373817
4.8,0.1,27.9,71.0431688090006,-0.429258055245206
4.8,0.1,27.9166666666667,71.2012192979159,-0.170911766499007
4.8,0.1,27.9333333333333,71.3596182505585,0.0873324260071516
4.8,0.1,27.95,71.5183664415913,0.345474368545754
4.8,0.1,27.9666666666667,71.6774646475287,0.60351390450817
4.8,0.1,27.9833333333333,71.8369136467405,0.861450874392771
4.8,0.1,28,71.996714219457,1.11928511579265
4.8,0.1,28.0166666666667,72.1568671477734,1.37701646338405
4.8,0.1,28.0333333333333,72.3173732156543,1.63464474891407
4.8,0.1,28.05,72.478233208938,1.89216980118835
4.8,0.1,28.0666666666667,72.6394479153416,2.14959144605882
4.8,0.1,28.0833333333333,72.801018124465,2.40690950641138
4.8,0.1,28.1,72.9629446277958,2.66412380215313
4.8,0.1,28.1166666666667,73.1252282187137,2.92123415019987
4.8,0.1,28.1333333333333,73.2878696924949,3.17824036446325
4.8,0.1,28.15,73.4508698463171,3.43514225583807
4.8,0.1,28.1666666666667,73.6142294792633,3.69193963218903
4.8,0.1,28.1833333333333,73.7779493923269,3.94863229833793
4.8,0.1,28.2,73.9420303884163,4.20522005605021
4.8,0.1,28.2166666666667,74.1064732723587,4.46170270402188
4.8,0.1,28.2333333333333,74.2712788509053,4.71808003786588
4.8,0.1,28.25,74.4364479327356,4.97435185009862
4.8,0.1,28.2666666666667,74.6019813284618,5.23051793012643
4.8,0.1,28.2833333333333,74.7678798506332,5.48657806423156
4.8,0.1,28.3,74.9341443137412,5.74253203555856
4.8,0.1,28.3166666666667,75.100775534223,5.99837962409999
4.8,0.1,28.3333333333333,75.2677743304668,6.25412060668257
4.8,0.1,28.35,75.4351415228156,6.50975475695278
4.8,0.1,28.3666666666667,75.6028779335721,6.76528184536244
4.8,0.1,28.3833333333333,75.7709843870031,7.02070163915438
4.8,0.1,28.4,75.9394617093437,7.2760139023478
4.8,0.1,28.4166666666667,76.1083107288019,7.53121839572349
4.8,0.1,28.4333333333333,76.2775322755629,7.78631487680897
4.8,0.1,28.45,76.4471271817935,8.04130309986346
4.8,0.1,28.4666666666667,76.6170962816465,8.29618281586306
4.8,0.1,28.4833333333333,76.7874404112651,8.55095377248511
4.8,0.1,28.5,76.9581604087873,8.80561571409318
4.8,0.1,28.5166666666667,77.1292571143499,9.06016838172136
4.8,0.1,28.5333333333333,77.3007313700934,9.31461151305887
4.8,0.1,28.55,77.4725840201656,9.56894484243399
4.8,0.1,28.5666666666667,77.6448159107265,9.82316810079858
4.8,0.1,28.5833333333333,77.8174278899522,10.0772810157117
4.8,0.1,28.6,77.9904208080394,10.3312833113239
4.8,0.1,28.6166666666667,78.1637955172093,10.5851747083603
4.8,0.1,28.6333333333333,78.3375528717122,10.8389549241051
4.8,0.1,28.65,78.5116937278313,11.092623672384
4.8,0.1,28.6666666666667,78.6862189438875,11.3461806635484
4.8,0.1,28.6833333333333,78.8611293802424,11.5996256044581
4.8,0.1,28.7,79.0364258993039,11.8529581984646
4.8,0.1,28.7166666666667,79.2121093655291,12.1061781453936
4.8,0.1,28.7333333333333,79.388180645429,12.3592851415284
4.8,0.1,28.75,79.5646406075723,12.612278879592
4.8,0.1,28.7666666666667,79.7414901225896,12.8651590487296
4.8,0.1,28.7833333333333,79.9187300631773,13.1179253344914
4.8,0.1,28.8,80.0963613041016,13.3705774188144
4.8,0.1,28.8166666666667,80.2743847222025,13.6231149800045
4.8,0.1,28.8333333333333,80.4528011963976,13.8755376927183
4.8,0.1,28.85,80.631611607686,14.1278452279453
4.8,0.1,28.8666666666667,80.8108168391524,14.3800372529891
4.8,0.1,28.8833333333333,80.9904177759707,14.6321134314488
4.8,0.1,28.9,81.1704153054077,14.8840734232009
4.8,0.1,28.9166666666667,81.3508103168271,15.1359168843792
4.8,0.1,28.9333333333333,81.5316037016933,15.3876434673578
4.8,0.1,28.95,81.7127963535748,15.6392528207301
4.8,0.1,28.9666666666667,81.8943891681479,15.8907445892898
4.8,0.1,28.9833333333333,82.0763830432005,16.1421184140129
4.8,0.1,29,82.2587788786359,16.3933739320362
4.8,0.1,29.0166666666667,82.4415775764753,16.6445107766384
4.8,0.1,29.0333333333333,82.6247800408629,16.8955285772206
4.8,0.1,29.05,82.8083871780681,17.1464269592852
4.8,0.1,29.0666666666667,82.9923998964892,17.3972055444163
4.8,0.1,29.0833333333333,83.1768191066572,17.6478639502593
4.8,0.1,29.1,83.3616457212387,17.8984017905003
4.8,0.1,29.1166666666667,83.5468806550394,18.1488186748445
4.8,0.1,29.1333333333333,83.7325248250073,18.3991142089971
4.8,0.1,29.15,83.9185791502358,18.6492879946403
4.8,0.1,29.1666666666667,84.1050445519669,18.8993396294132
4.8,0.1,29.1833333333333,84.2919219535946,19.1492687068903
4.8,0.1,29.2,84.4792122806673,19.3990748165594
4.8,0.1,29.2166666666667,84.6669164608913,19.6487575438003
4.8,0.1,29.2333333333333,84.8550354241338,19.898316469863
4.8,0.1,29.25,85.0435701024252,20.1477511718449
4.8,0.1,29.2666666666667,85.2325214299625,20.3970612226693
4.8,0.1,29.2833333333333,85.4218903431121,20.6462461910629
4.8,0.1,29.3,85.6116777804121,20.8953056415324
4.8,0.1,29.3166666666667,85.8018846825749,21.1442391343426
4.8,0.1,29.3333333333333,85.9925119924906,21.3930462254931
4.8,0.1,29.35,86.1835606552285,21.6417264666949
4.8,0.1,29.3666666666667,86.3750316180402,21.8902794053474
4.8,0.1,29.3833333333333,86.5669258303621,22.138704584515
4.8,0.1,29.4,86.7592442438171,22.3870015429029
4.8,0.1,29.4166666666667,86.9519878122172,22.6351698148335
4.8,0.1,29.4333333333333,87.1451574915664,22.8832089302228
4.8,0.1,29.45,87.3387542400612,23.1311184145551
4.8,0.1,29.4666666666667,87.5327790180943,23.3788977888594
4.8,0.1,29.4833333333333,87.7272327882557,23.6265465696848
4.8,0.1,29.5,87.9221165153349,23.874064269075
4.8,0.1,29.5166666666667,88.1174311663223,24.1214503945437
4.8,0.1,29.5333333333333,88.3131777104117,24.3687044490501
4.8,0.1,29.55,88.5093571190012,24.615825930972
4.8,0.1,29.5666666666667,88.7059703656952,24.8628143340813
4.8,0.1,29.5833333333333,88.9030184263062,25.1096691475184
4.8,0.1,29.6,89.1005022788552,25.3563898557652
4.8,0.1,29.6166666666667,89.298422903574,25.6029759386199
4.8,0.1,29.6333333333333,89.4967812829063,25.8494268711701
4.8,0.1,29.65,89.6955784015082,26.0957421237664
4.8,0.1,29.6666666666667,89.8948152462503,26.3419211619958
4.8,0.1,29.6833333333333,90.0944928062175,26.5879634466542
4.8,0.1,29.7,90.2946120727109,26.83386843372
4.8,0.1,29.7166666666667,90.4951740392479,27.079635574326
4.8,0.1,29.7333333333333,90.6961797015631,27.3252643147321
4.8,0.1,29.75,90.8976300576091,27.570754096298
4.8,0.1,29.7666666666667,91.0995261075564,27.816104355454
4.8,0.1,29.7833333333333,91.3018688537942,28.0613145236742
4.8,0.1,29.8,91.504659300931,28.3063840274471
4.8,0.1,29.8166666666667,91.7078984557935,28.5513122882473
4.8,0.1,29.8333333333333,91.9115873274281,28.7960987225068
4.8,0.1,29.85,92.1157269270999,29.0407427415859
4.8,0.1,29.8666666666667,92.320318268293,29.2852437517436
4.8,0.1,29.8833333333333,92.5253623667095,29.5296011541086
4.8,0.1,29.9,92.7308602402701,29.7738143446494
4.8,0.1,29.9166666666667,92.9368129091126,30.0178827141443
4.8,0.1,29.9333333333333,93.1432213955918,30.2618056481515
4.8,0.1,29.95,93.3500867242786,30.5055825269786
4.8,0.1,29.9666666666667,93.5574099219588,30.7492127256519
4.8,0.1,29.9833333333333,93.7651920176323,30.9926956138861
4.8,0.1,30,93.973434042512,31.2360305560527
4.8,0.1,30.0166666666667,94.1821370300222,31.4792169111493
4.8,0.1,30.0333333333333,94.3913020157975,31.7222540327678
4.8,0.1,30.05,94.6009300376807,31.9651412690626
4.8,0.1,30.0666666666667,94.8110221357215,32.2078779627192
4.8,0.1,30.0833333333333,95.0215793521744,32.4504634509218
4.8,0.1,30.1,95.232602731497,32.6928970653207
4.8,0.1,30.1166666666667,95.4440933203472,32.9351781320002
4.8,0.1,30.1333333333333,95.6560521675814,33.1773059714453
4.8,0.1,30.15,95.868480324252,33.4192798985089
4.8,0.1,30.1666666666667,96.0813788436044,33.6610992223787
4.8,0.1,30.1833333333333,96.2947487810745,33.9027632465431
4.8,0.1,30.2,96.5085911942858,34.1442712687582
4.8,0.1,30.2166666666667,96.7229071430459,34.3856225810132
4.8,0.1,30.2333333333333,96.9376976893436,34.6268164694964
4.8,0.1,30.25,97.1529638973453,34.8678522145611
4.8,0.1,30.2666666666667,97.3687068333915,35.10872909069
4.8,0.1,30.2833333333333,97.5849275659925,35.3494463664612
4.8,0.1,30.3,97.8016271658251,35.5900033045128
4.8,0.1,30.3166666666667,98.0188067057281,35.8303991615069
4.8,0.1,30.3333333333333,98.2364672606979,36.0706331880947
4.8,0.1,30.35,98.4546099078841,36.3107046288802
4.8,0.1,30.3666666666667,98.6732357265845,36.5506127223841
4.8,0.1,30.3833333333333,98.8923457982409,36.7903567010076
4.8,0.1,30.4,99.1119412064331,37.0299357909957
4.8,0.1,30.4166666666667,99.332023036874,37.2693492123998
4.8,0.1,30.4333333333333,99.5525923774045,37.5085961790417
4.8,0.1,30.45,99.7736503179869,37.747675898475
4.8,0.1,30.4666666666667,99.9951979506998,37.9865875719485
4.8,0.1,30.4833333333333,100.217236369731,38.2253303943676
4.8,0.1,30.5,100.439766671374,38.4639035542568
4.8,0.1,30.5166666666667,100.662789954016,38.7023062337205
4.8,0.1,30.5333333333333,100.886307318136,38.9405376084055
4.8,0.1,30.55,101.110319866297,39.1785968474612
4.8,0.1,30.5666666666667,101.334828703137,39.416483113501
4.8,0.1,30.5833333333333,101.559834935363,39.6541955625626
4.8,0.1,30.6,101.785339671741,39.8917333440687
4.8,0.1,30.6166666666667,102.011344023092,40.1290956007868
4.8,0.1,30.6333333333333,102.237849102281,40.3662814687894
4.8,0.1,30.65,102.46485602421,40.6032900774135
4.8,0.1,30.6666666666667,102.692365905808,40.8401205492196
4.8,0.1,30.6833333333333,102.920379866022,41.0767719999515
4.8,0.1,30.7,103.148899025809,41.3132435384945
4.8,0.1,30.7166666666667,103.377924508128,41.5495342668343
4.8,0.1,30.7333333333333,103.607457437926,41.7856432800155
4.8,0.1,30.75,103.837498942131,42.0215696660992
4.8,0.1,30.7666666666667,104.068050149644,42.2573125061211
4.8,0.1,30.7833333333333,104.299112191322,42.4928708740493
4.8,0.1,30.8,104.530686199973,42.7282438367412
4.8,0.1,30.8166666666667,104.762773310344,42.9634304539003
4.8,0.1,30.8333333333333,104.995374659108,43.1984297780341
4.8,0.1,30.85,105.228491384851,43.4332408544095
4.8,0.1,30.8666666666667,105.462124628066,43.6678627210092
4.8,0.1,30.8833333333333,105.696275531134,43.9022944084884
4.8,0.1,30.9,105.930945238316,44.1365349401301
4.8,0.1,30.9166666666667,106.166134895738,44.3705833317998
4.8,0.1,30.9333333333333,106.401845651379,44.6044385919026
4.8,0.1,30.95,106.638078655059,44.8380997213365
4.8,0.1,30.9666666666667,106.874835058419,45.0715657134473
4.8,0.1,30.9833333333333,107.112116014916,45.3048355539842
4.8,0.1,31,107.349922679801,45.5379082210525
4.8,0.1,31.0166666666667,107.588256210109,45.7707826850682
4.8,0.1,31.0333333333333,107.827117764642,46.0034579087124
4.8,0.1,31.05,108.066508503953,46.235932846883
4.8,0.1,31.0666666666667,108.306429590332,46.4682064466492
4.8,0.1,31.0833333333333,108.546882187789,46.700277647204
4.8,0.1,31.1,108.787867462036,46.9321453798165
4.8,0.1,31.1166666666667,109.029386580476,47.1638085677847
4.8,0.1,31.1333333333333,109.271440712177,47.3952661263875
4.8,0.1,31.15,109.514031027862,47.626516962836
4.8,0.1,31.1666666666667,109.757158699889,47.8575599762259
4.8,0.1,31.1833333333333,110.00082490223,48.0883940574885
4.8,0.1,31.2,110.245030810455,48.3190180893412
4.8,0.1,31.2166666666667,110.489777601714,48.5494309462392
4.8,0.1,31.2333333333333,110.735066454714,48.7796314943257
4.8,0.1,31.25,110.980898549704,49.0096185913816
4.8,0.1,31.2666666666667,111.22727506845,49.2393910867766
4.8,0.1,31.2833333333333,111.474197194218,49.4689478214183
4.8,0.1,31.3,111.721666111749,49.6982876277015
4.8,0.1,31.3166666666667,111.969683007245,49.9274093294581
4.8,0.1,31.3333333333333,112.218249068337,50.1563117419061
4.8,0.1,31.35,112.467365484071,50.3849936715975
4.8,0.1,31.3666666666667,112.717033444884,50.6134539163678
4.8,0.1,31.3833333333333,112.967254142575,50.8416912652838
4.8,0.1,31.4,113.21802877029,51.0697044985916
4.8,0.1,31.4166666666667,113.469358522491,51.2974923876646
4.8,0.1,31.4333333333333,113.721244594937,51.5250536949506
4.8,0.1,31.45,113.973688184654,51.7523871739196
4.8,0.1,31.4666666666667,114.226690489914,51.9794915690104
4.8,0.1,31.4833333333333,114.480252710206,52.2063656155775
4.8,0.1,31.5,114.734376046212,52.4330080398377
4.8,0.1,31.5166666666667,114.98906169978,52.6594175588166
4.8,0.1,31.5333333333333,115.244310873894,52.8855928802941
4.8,0.1,31.55,115.500124772652,53.1115327027506
4.8,0.1,31.5666666666667,115.75650460123,53.3372357153128
4.8,0.1,31.5833333333333,116.01345156586,53.5627005976985
4.8,0.1,31.6,116.270966873799,53.7879260201622
4.8,0.1,31.6166666666667,116.529051733297,54.0129106434395
4.8,0.1,31.6333333333333,116.787707353569,54.2376531186924
4.8,0.1,31.65,117.046934944764,54.4621520874531
4.8,0.1,31.6666666666667,117.306735717933,54.6864061815685
4.8,0.1,31.6833333333333,117.567110884997,54.9104140231442
4.8,0.1,31.7,117.828061658717,55.1341742244882
4.8,0.1,31.7166666666667,118.089589252658,55.3576853880544
4.8,0.1,31.7333333333333,118.351694881157,55.5809461063859
4.8,0.1,31.75,118.614379759291,55.8039549620581
4.8,0.1,31.7666666666667,118.877645102837,56.0267105276218
4.8,0.1,31.7833333333333,119.141492128244,56.2492113655455
4.8,0.1,31.8,119.405922052591,56.4714560281583
4.8,0.1,31.8166666666667,119.670936093555,56.6934430575917
4.8,0.1,31.8333333333333,119.936535469372,56.915170985722
4.8,0.1,31.85,120.202721398801,57.136638334112
4.8,0.1,31.8666666666667,120.469495101084,57.3578436139529
4.8,0.1,31.8833333333333,120.73685779591,57.5787853260052
4.8,0.1,31.9,121.004810703374,57.7994619605407
4.8,0.1,31.9166666666667,121.273355043937,58.0198719972829
4.8,0.1,31.9333333333333,121.542492038385,58.2400139053487
4.8,0.1,31.95,121.812222907793,58.4598861431881
4.8,0.1,31.9666666666667,122.082548873475,58.6794871585256
4.8,0.1,31.9833333333333,122.353471156948,58.8988153883002
4.8,0.1,32,122.624990979886,59.1178692586054
4.8,0.1,32.0166666666667,122.89710956408,59.3366471846296
4.8,0.1,32.0333333333333,123.169828131387,59.5551475705959
4.8,0.1,32.05,123.443147903692,59.7733688097014
4.8,0.1,32.0666666666667,123.717070102859,59.9913092840572
4.8,0.1,32.0833333333333,123.991595950683,60.2089673646274
4.8,0.1,32.1,124.266726668847,60.4263414111684
4.8,0.1,32.1166666666667,124.542463478873,60.6434297721684
4.8,0.1,32.1333333333333,124.818807602071,60.8602307847858
4.8,0.1,32.15,125.095760259494,61.076742774788
4.8,0.1,32.1666666666667,125.373322671884,61.2929640564905
4.8,0.1,32.1833333333333,125.651496059626,61.5088929326951
4.8,0.1,32.2,125.930281642692,61.7245276946283
4.8,0.1,32.2166666666667,126.209680640592,61.9398666218796
4.8,0.1,32.2333333333333,126.489694272323,62.1549079823399
4.8,0.1,32.25,126.770323756311,62.3696500321393
4.8,0.1,32.2666666666667,127.05157031036,62.584091015585
4.8,0.1,32.2833333333333,127.333435151594,62.7982291650994
4.8,0.1,32.3,127.615919496407,63.0120627011576
4.8,0.1,32.3166666666667,127.899024560401,63.2255898322252
4.8,0.1,32.3333333333333,128.182751558332,63.4388087546959
4.8,0.1,32.35,128.467101704047,63.6517176528288
4.8,0.1,32.3666666666667,128.752076210435,63.864314698686
4.8,0.1,32.3833333333333,129.037676289356,64.07659805207
4.8,0.1,32.4,129.323903151588,64.2885658604606
4.8,0.1,32.4166666666667,129.610758006764,64.5002162589524
4.8,0.1,32.4333333333333,129.898242063309,64.7115473701924
4.8,0.1,32.45,130.186356528378,64.9225573043162
4.8,0.1,32.4666666666667,130.475102607792,65.1332441588854
4.8,0.1,32.4833333333333,130.764481505973,65.3436060188255
4.8,0.1,32.5,131.054494425882,65.5536409563618
4.8,0.1,32.5166666666667,131.345142568945,65.7633470309566
4.8,0.1,32.5333333333333,131.636427134996,65.9727222892467
4.8,0.1,32.55,131.928349322201,66.1817647649803
4.8,0.1,32.5666666666667,132.220910326993,66.3904724789532
4.8,0.1,32.5833333333333,132.514111344002,66.5988434389468
4.8,0.1,32.6,132.807953565984,66.8068756396647
4.8,0.1,32.6166666666667,133.102438183749,67.014567062669
4.8,0.1,32.6333333333333,133.39756638609,67.2219156763189
4.8,0.1,32.65,133.693339359708,67.4289194357065
4.8,0.1,32.6666666666667,133.98975828914,67.6355762825938
4.8,0.1,32.6833333333333,134.286824356683,67.8418841453515
4.8,0.1,32.7,134.584538742317,68.0478409388939
4.8,0.1,32.7166666666667,134.882902623629,68.2534445646182
4.8,0.1,32.7333333333333,135.181917175736,68.4586929103412
4.8,0.1,32.75,135.481583571206,68.6635838502359
4.8,0.1,32.7666666666667,135.781902979975,68.8681152447701
4.8,0.1,32.7833333333333,136.082876569272,69.0722849406444
4.8,0.1,32.8,136.384505503533,69.2760907707282
4.8,0.1,32.8166666666667,136.68679094432,69.4795305539993
4.8,0.1,32.8333333333333,136.989734050237,69.6826020954814
4.8,0.1,32.85,137.293335976846,69.8853031861814
4.8,0.1,32.8666666666667,137.597597876582,70.0876316030291
4.8,0.1,32.8833333333333,137.902520898664,70.2895851088145
4.8,0.1,32.9,138.20810618901,70.4911614521268
4.8,0.1,32.9166666666667,138.514354890148,70.6923583672931
4.8,0.1,32.9333333333333,138.821268141126,70.8931735743176
4.8,0.1,32.95,139.128847077422,71.0936047788205
4.8,0.1,32.9666666666667,139.437092830851,71.293649671977
4.8,0.1,32.9833333333333,139.746006529474,71.4933059304579
4.8,0.1,33,140.055589297504,71.6925712163678
